{"ppl": 36.410929182344844, "_runtime": 289972, "_timestamp": 1632512768, "_step": 2624, "valid_ppl": 35.66444105294349}