{"ppl": 40.46470448585079, "_runtime": 122872, "_timestamp": 1640660838, "_step": 1487, "valid_ppl": 38.067238969613726}