{"ppl": 41.17684892890123, "_runtime": 108641, "_timestamp": 1631984731, "_step": 1003, "valid_ppl": 38.94292208778986}