{"ppl": 43.09972860696813, "_runtime": 101158, "_timestamp": 1634010023, "_step": 953, "valid_ppl": 40.67054287596615}