{"ppl": 61.49180233626544, "_runtime": 10581, "_timestamp": 1632117103, "_step": 140, "valid_ppl": 52.96403202354422}