{"ppl": 41.40871465385719, "_runtime": 135911, "_timestamp": 1634164656, "_step": 1435, "valid_ppl": 38.695535814878376}