{"ppl": 40.10702090899713, "_runtime": 115333, "_timestamp": 1635147733, "_step": 1223, "valid_ppl": 37.71298349321843}