{"mean_pi": 0.9998310804367065, "_runtime": 47, "_timestamp": 1631766154, "_step": 99, "std_pi": 0.00388945359736681, "max_pi": 0.9999984502792358, "min_pi": 0.7374953031539917, "ppl": 28841.88702197785}