{"ppl": 39.360918824986136, "_runtime": 199678, "_timestamp": 1640620969, "_step": 2624, "valid_ppl": 37.473030508190995, "_wandb": {"runtime": 199681}}