{"mean_pi0": 0.0446464829146862, "_runtime": 5230, "_timestamp": 1631736145, "_step": 415, "std_pi0": 0.02637055143713951, "max_pi0": 0.3137615919113159, "min_pi0": -0.055756863206624985, "mean_pi1": 0.022929491475224495, "std_pi1": 0.01853819563984871, "max_pi1": 0.12827953696250916, "min_pi1": -0.06434319913387299, "ppl": 335.8585077349824, "valid_ppl": 137.10378346140584}