{"ppl": 49.51571912998716, "_runtime": 34901, "_timestamp": 1640234546, "_step": 335, "valid_ppl": 44.29102724774516}