{"ppl": 1723.9676886296932, "_runtime": 2067, "_timestamp": 1634980735, "_step": 21, "valid_ppl": 1602.354032817396}