{"ppl": 57.28372676232881, "_runtime": 13380, "_timestamp": 1640197345, "_step": 172, "valid_ppl": 50.01666990847866}