{"ppl": 48.55723034835029, "_runtime": 31005, "_timestamp": 1640183850, "_step": 448, "valid_ppl": 43.42568395649331}