{"ppl": 41.84380557826308, "_runtime": 84439, "_timestamp": 1632203862, "_step": 1121, "valid_ppl": 39.15408246586586}