{"ppl": 47.80030892518094, "_runtime": 51628, "_timestamp": 1640620523, "_step": 545, "valid_ppl": 42.030358652138254}