{"ppl": 37.732692657196225, "_runtime": 239302, "_timestamp": 1631801710, "_step": 2150, "valid_ppl": 36.656021276142226}