{"ppl": 66.96618282193437, "_runtime": 25242, "_timestamp": 1634831890, "_step": 263, "valid_ppl": 58.98212293632499}