{"ppl": 46.2217725851455, "_runtime": 40087, "_timestamp": 1635031033, "_step": 426, "valid_ppl": 41.70366351048664}