{"ppl": 42.74185452873804, "_runtime": 88585, "_timestamp": 1640537216, "_step": 882, "valid_ppl": 39.45726147117141}