{"mean_pi": 0.6794030070304871, "_runtime": 2377, "_timestamp": 1631770056, "_step": 105, "std_pi": 0.34484466910362244, "max_pi": 0.9999904036521912, "min_pi": 0.0, "ppl": 160.7696827447438, "valid_ppl": 130.6418527121018}