{"ppl": 47.34265048593448, "_runtime": 34743, "_timestamp": 1632153487, "_step": 470, "valid_ppl": 42.43843923279246}