{"ppl": 36.38244879965424, "_runtime": 246577, "_timestamp": 1635278280, "_step": 2624, "valid_ppl": 35.74667621712688}