{"ppl": 47.641719025537405, "_runtime": 49491, "_timestamp": 1633892262, "_step": 472, "valid_ppl": 44.04887796549252}