{"ppl": 39.966362228425396, "_runtime": 130955, "_timestamp": 1632117128, "_step": 1774, "valid_ppl": 37.746660688968404}