{"mean_pi": 0.21654191613197327, "_runtime": 103604, "_timestamp": 1631872639, "_step": 4639, "std_pi": 0.32919666171073914, "max_pi": 0.993148684501648, "min_pi": 0.0, "ppl": 42.26235590719695, "valid_ppl": 39.13733090021101}