{"ppl": 39.62378183435239, "_runtime": 205349, "_timestamp": 1631768377, "_step": 1475, "valid_ppl": 37.84125959305848}