{"ppl": 44.526125245074276, "_runtime": 56047, "_timestamp": 1631945950, "_step": 745, "valid_ppl": 41.34854220045903}