{"ppl": 52.43275221553746, "_runtime": 24555, "_timestamp": 1640660803, "_step": 263, "valid_ppl": 45.992089095954896}