{"ppl": 53.3078614094146, "_runtime": 36678, "_timestamp": 1640537155, "_step": 251, "valid_ppl": 46.131384078889674}