{"ppl": 49.00898632576197, "_runtime": 29088, "_timestamp": 1632014589, "_step": 381, "valid_ppl": 44.822077982684284}