{"ppl": 38.108699322837836, "_runtime": 269842, "_timestamp": 1640469053, "_step": 2624, "valid_ppl": 36.70521507896177, "_wandb": {"runtime": 269846}}