{"ppl": 57.644086048814884, "_runtime": 12896, "_timestamp": 1632139792, "_step": 174, "valid_ppl": 49.04916709665896}