{"ppl": 40.803335554444686, "_runtime": 134664, "_timestamp": 1634164603, "_step": 1278, "valid_ppl": 38.41444302489091}