{"ppl": 49.91727313424846, "_runtime": 59727, "_timestamp": 1632117097, "_step": 555, "valid_ppl": 43.174823944320565}