{"ppl": 45.53419232409581, "_runtime": 38854, "_timestamp": 1634026452, "_step": 415, "valid_ppl": 42.12686536106659}