{"ppl": 124.90214866900773, "_runtime": 4239, "_timestamp": 1634990302, "_step": 44, "valid_ppl": 100.88314806071136}