{"ppl": 52.59352573874047, "_runtime": 24438, "_timestamp": 1640660884, "_step": 262, "valid_ppl": 45.49082088935836}