{"ppl": 53.226701510091644, "_runtime": 17333, "_timestamp": 1632032530, "_step": 241, "valid_ppl": 46.98065833041159}