{"ppl": 47.76104247222473, "_runtime": 39458, "_timestamp": 1635031002, "_step": 416, "valid_ppl": 43.04366963998231}