{"ppl": 44.3348931268581, "_runtime": 73549, "_timestamp": 1632180905, "_step": 973, "valid_ppl": 39.667642197602326}