{"ppl": 38.086483833598656, "_runtime": 268802, "_timestamp": 1640503792, "_step": 2624, "valid_ppl": 36.62387571058823, "_wandb": {"runtime": 268806}}