{"ppl": 61.265431422048124, "_runtime": 10272, "_timestamp": 1634021298, "_step": 109, "valid_ppl": 52.1072160696677}