{"mean_pi0": 0.49733245372772217, "_runtime": 125, "_timestamp": 1631737211, "_step": 8, "std_pi0": 4.227821591484826e-06, "max_pi0": 0.49737221002578735, "min_pi0": 0.49729251861572266, "mean_pi1": 0.49733245372772217, "std_pi1": 2.5533522602927405e-06, "max_pi1": 0.49735477566719055, "min_pi1": 0.49730822443962097, "ppl": 26955.47795156929}