{"ppl": 38.12116556450942, "_runtime": 221794, "_timestamp": 1640420587, "_step": 2624, "valid_ppl": 36.462051705971454, "_wandb": {"runtime": 221797}}