{"mean_pi": 0.9999851584434509, "_runtime": 237, "_timestamp": 1631885334, "_step": 9, "std_pi": 0.0011370658176019788, "max_pi": 0.9999980330467224, "min_pi": 0.8212010860443115, "ppl": 11982.921847917027}