{"mean_pi0": 0.6132359504699707, "_runtime": 104352, "_timestamp": 1631872707, "_step": 8361, "std_pi0": 0.7308732271194458, "max_pi0": 3.5872180461883545, "min_pi0": 0.0009488835348747671, "mean_pi1": 0.8591411113739014, "std_pi1": 0.5515461564064026, "max_pi1": 3.049903392791748, "min_pi1": -0.013699673116207123, "ppl": 42.101647233829866, "valid_ppl": 39.12671845595132}