{"ppl": 55.473539406499846, "_runtime": 17342, "_timestamp": 1632221971, "_step": 214, "valid_ppl": 47.286213451468086}