{"ppl": 160.7696827447438, "_runtime": 2379, "_timestamp": 1631879235, "_step": 21, "valid_ppl": 130.6418527121018}