{"ppl": 53.654139049580024, "_runtime": 21961, "_timestamp": 1634831909, "_step": 231, "valid_ppl": 46.35418943030957}