{"ppl": 82.75162576999196, "_runtime": 21024, "_timestamp": 1632203836, "_step": 275, "valid_ppl": 62.68780140964727}