{"ppl": 36.408973743334094, "_runtime": 246707, "_timestamp": 1635395037, "_step": 2624, "valid_ppl": 35.70419075960392}