{"ppl": 39.392461030525276, "_runtime": 132042, "_timestamp": 1635116942, "_step": 1403, "valid_ppl": 37.73215505870812}