{"ppl": 55.313306373580716, "_runtime": 16435, "_timestamp": 1632221971, "_step": 221, "valid_ppl": 47.530399809414625}