{"mean_pi0": 0.343181848526001, "_runtime": 843, "_timestamp": 1631730237, "_step": 67, "std_pi0": 0.000743190583307296, "max_pi0": 0.36954396963119507, "min_pi0": 0.33287158608436584, "mean_pi1": 0.3430321216583252, "std_pi1": 0.00030477490508928895, "max_pi1": 0.3528461754322052, "min_pi1": 0.33752158284187317, "ppl": 1201.5431105479556, "valid_ppl": 457.19050493605414}