{"ppl": 80.75274030572189, "_runtime": 5996, "_timestamp": 1634990305, "_step": 63, "valid_ppl": 65.4781209399208}