{"ppl": 53.97782602276608, "_runtime": 20988, "_timestamp": 1633938470, "_step": 222, "valid_ppl": 52.648648465079}