{"ppl": 57.05768210646119, "_runtime": 23176, "_timestamp": 1632056315, "_step": 312, "valid_ppl": 49.007916380517784}