{"mean_pi": 0.6856811046600342, "_runtime": 2255, "_timestamp": 1631740987, "_step": 99, "std_pi": 0.3439793884754181, "max_pi": 0.9999894499778748, "min_pi": 0.0, "ppl": 168.81121438293587}