{"ppl": 60.37680525190674, "_runtime": 14229, "_timestamp": 1640636020, "_step": 152, "valid_ppl": 51.08509731515408}