{"ppl": 45.40021638447979, "_runtime": 34051, "_timestamp": 1634026518, "_step": 364, "valid_ppl": 41.604240780985904}