{"ppl": 36.426473952098874, "_runtime": 247205, "_timestamp": 1635365836, "_step": 2624, "valid_ppl": 35.65416722925628}