{"mean_pi0": 0.5001124143600464, "_runtime": 374, "_timestamp": 1631707594, "_step": 5660, "std_pi0": 0.0009145439835265279, "max_pi0": 0.5068803429603577, "min_pi0": 0.4892684817314148, "mean_pi1": 0.5000841021537781, "std_pi1": 0.0007240286213345826, "max_pi1": 0.503727912902832, "min_pi1": 0.49193114042282104, "ppl": 1728.3569404334482}