{"ppl": 1676.3655264489632, "_runtime": 18864, "_timestamp": 1634831923, "_step": 197, "valid_ppl": 1598.096295748093}