{"ppl": 87.23719647267725, "_runtime": 29008, "_timestamp": 1640568647, "_step": 75, "valid_ppl": 78.7416932003389}