{"ppl": 36.5768409219851, "_runtime": 247037, "_timestamp": 1635232521, "_step": 2624, "valid_ppl": 35.83199891380319}