{"ppl": 56.296551926305646, "_runtime": 15636, "_timestamp": 1632221904, "_step": 191, "valid_ppl": 49.22807289659516}