{"mean_pi": 0.9870240688323975, "_runtime": 351, "_timestamp": 1631886914, "_step": 14, "std_pi": 0.10220114141702652, "max_pi": 0.9999980330467224, "min_pi": 0.0047952765598893166, "ppl": 3661.9001810179134}