{"ppl": 40.99567917935862, "_runtime": 122150, "_timestamp": 1640660875, "_step": 1320, "valid_ppl": 38.116643320063}