{"ppl": 68.6659993802946, "_runtime": 19939, "_timestamp": 1634831938, "_step": 205, "valid_ppl": 60.646105594573534}