{"ppl": 45.23051284876968, "_runtime": 87261, "_timestamp": 1633908281, "_step": 772, "valid_ppl": 41.61606681998899}