{"ppl": 47.13464228653005, "_runtime": 34325, "_timestamp": 1632203836, "_step": 466, "valid_ppl": 42.248901689952525}