{"ppl": 57.537827686201645, "_runtime": 12953, "_timestamp": 1632153424, "_step": 174, "valid_ppl": 49.2070878610774}