{"ppl": 35.827689581634154, "_runtime": 245496, "_timestamp": 1634272851, "_step": 2624, "valid_ppl": 35.275029944173596}