{"ppl": 58.25398851520201, "_runtime": 14935, "_timestamp": 1640636049, "_step": 160, "valid_ppl": 51.136040421097775}