{"mean_pi0": 0.06609027087688446, "_runtime": 2267, "_timestamp": 1631714273, "_step": 179, "std_pi0": 0.027042506262660027, "max_pi0": 0.29763779044151306, "min_pi0": 0.025937378406524658, "mean_pi1": 0.04779118299484253, "std_pi1": 0.016255399212241173, "max_pi1": 0.14293481409549713, "min_pi1": 0.024074438959360123, "ppl": 173.65741172569687}