{"ppl": 58.416171127044635, "_runtime": 31702, "_timestamp": 1633972100, "_step": 323, "valid_ppl": 52.481922198375905}