{"ppl": 58.68324791816075, "_runtime": 13330, "_timestamp": 1640197383, "_step": 171, "valid_ppl": 50.9075353354708}