{"mean_pi0": 0.5293490886688232, "_runtime": 8852, "_timestamp": 1631755789, "_step": 704, "std_pi0": 0.08279541879892349, "max_pi0": 1.0297349691390991, "min_pi0": 0.08124742656946182, "mean_pi1": 0.5247421264648438, "std_pi1": 0.0833711102604866, "max_pi1": 1.063515067100525, "min_pi1": 0.08023203164339066, "ppl": 71.24450014603262, "valid_ppl": 65.15459898990923}