{"ppl": 155.84592588417817, "_runtime": 11172, "_timestamp": 1633908301, "_step": 119, "valid_ppl": 150.6149144886946}