{"ppl": 47.02057294655433, "_runtime": 36652, "_timestamp": 1634010024, "_step": 387, "valid_ppl": 43.81346946808662}