{"ppl": 36.70861705640674, "_runtime": 297419, "_timestamp": 1634314323, "_step": 2624, "valid_ppl": 36.03689317359454}