{"ppl": 50.62151600988732, "_runtime": 30924, "_timestamp": 1640537135, "_step": 333, "valid_ppl": 45.25081908357894}