{"ppl": 37.73082730144496, "_runtime": 219095, "_timestamp": 1632106587, "_step": 2026, "valid_ppl": 36.77022738479922}