{"ppl": 80.39102243833918, "_runtime": 7016, "_timestamp": 1632315615, "_step": 64, "valid_ppl": 64.79431507638706}