{"ppl": 49.19427138165599, "_runtime": 26319, "_timestamp": 1640183855, "_step": 342, "valid_ppl": 44.48091305446062}