{"ppl": 1722.4083823287053, "_runtime": 2159, "_timestamp": 1634982117, "_step": 21, "valid_ppl": 1598.5536180398142}