{"ppl": 37.85846669005047, "_runtime": 203882, "_timestamp": 1632513802, "_step": 2624, "valid_ppl": 36.668299183807555}