{"ppl": 54.43932844737234, "_runtime": 15641, "_timestamp": 1632323631, "_step": 212, "valid_ppl": 47.32382195888272}